precision,accuracy,recall,duration
0.969994785644653,0.9698736637512148,0.9698989074754069,1557.211322069168
