precision,accuracy,recall,duration
0.9605657561198246,0.9604916593503073,0.9604862331575864,1088.8869693279266
