precision,accuracy,recall,duration
0.9080081347607536,0.9089456869009584,0.9095166570383209,954.1024551391602
