precision,accuracy,recall,duration
0.8004578754578755,0.7808219178082192,0.7649719536937581,226.49158835411072
