precision,accuracy,recall,duration
0.6991174489942423,0.6986979166666667,0.6151893643852474,6580.553433418274
