precision,accuracy,recall,duration
0.9973684210526316,0.9967320261437909,0.9924242424242424,517.6233615875244
