precision,accuracy,recall,duration
0.9459200009509795,0.9447236180904522,0.9463143928992966,984.0695335865021
