precision,accuracy,recall,duration
0.7212369837369837,0.7058823529411765,0.7049918549918549,3201.6621499061584
