precision,accuracy,recall,duration
0.7212845099763749,0.7539473684210526,0.6534591974555984,2012.657996892929
