precision,accuracy,recall,duration
0.8361904761904763,0.8333333333333334,0.8333333333333334,319.0460751056671
